Date,Open,High,Low,Close,Volume
26/06/20,2495.506694,2535.995212,2470.409129,2507.662109,1227656
29/06/20,2470.408534,2509.760174,2461.663725,2500.578125,680236
30/06/20,2538.093647,2547.756705,2461.66409,2471.327148,751691
01/07/20,2481.820924,2511.509512,2473.557121,2485.318848,525799
02/07/20,2499.179223,2539.011876,2480.990189,2517.937012,754915
03/07/20,2535.120544,2588.463887,2525.151545,2564.328125,1394992
06/07/20,2572.76711,2576.221268,2522.003441,2533.459229,1126381
07/07/20,2536.869702,2600.706823,2471.764626,2489.778809,2168021
08/07/20,2520.254533,2535.120712,2458.691149,2494.413574,1348810
09/07/20,2516.755983,2531.622158,2483.700563,2520.253906,700469
10/07/20,2514.133117,2549.11236,2497.867683,2531.360352,688336
13/07/20,2535.033103,2544.739928,2515.707199,2535.995117,481601
14/07/20,2534.24614,2544.652379,2489.647605,2535.557861,612986
15/07/20,2549.112334,2584.091577,2535.995118,2572.76709,905297
16/07/20,2574.472171,2579.719057,2535.032991,2572.985596,525135
17/07/20,2579.719153,2623.443206,2557.857126,2619.070801,687105
20/07/20,2624.317607,2640.932747,2600.706619,2625.673096,766788
21/07/20,2636.560518,2673.288725,2614.698491,2627.203613,834544
22/07/20,2633.06209,2649.808315,2541.722599,2610.675293,2050770
23/07/20,2592.836394,2667.167286,2570.668214,2651.51416,1057181
24/07/20,2649.677838,2649.677838,2604.204819,2610.763428,543609
27/07/20,2614.698202,2654.049848,2565.771033,2641.369873,621957
28/07/20,2641.807205,2737.125638,2639.183762,2727.8125,1263659
29/07/20,2734.545655,2753.740468,2694.144678,2710.278809,582910
30/07/20,2719.636136,2737.08199,2657.854133,2666.249023,570166
31/07/20,2683.651194,2691.565077,2616.097535,2627.771729,561196
03/08/20,2614.69828,2684.569229,2544.739798,2551.254639,1246016
04/08/20,2570.099651,2622.568511,2555.277241,2597.164795,706322
05/08/20,2611.375024,2654.443211,2598.957437,2631.313232,678314
06/08/20,2645.130089,2689.028991,2602.805082,2616.272217,853222
07/08/20,2616.272411,2640.058252,2601.581086,2624.929688,515510
10/08/20,2624.929799,2645.305251,2598.083273,2618.021484,442147
11/08/20,2641.632415,2675.91203,2619.726622,2629.958008,696792
12/08/20,2629.958173,2654.05017,2608.139912,2643.556396,489280
13/08/20,2658.422241,2658.422241,2623.443001,2639.139893,462333
14/08/20,2642.681738,2648.147244,2602.455609,2612.555908,542458
17/08/20,2635.686081,2733.627965,2616.447496,2724.533447,1577193
18/08/20,2731.87837,2751.991431,2704.769461,2715.088379,825757
19/08/20,2719.635965,2762.485535,2666.074003,2675.737061,953142
20/08/20,2675.037476,2680.284363,2645.611275,2655.755127,563069
21/08/20,2677.660873,2689.029126,2656.673329,2669.921631,395723
24/08/20,2678.447861,2707.393269,2646.835458,2657.854004,562548
25/08/20,2671.014979,2671.014979,2616.185057,2631.66333,652358
26/08/20,2693.445635,2744.121773,2685.793925,2695.325684,2026040
27/08/20,2695.325514,2701.053407,2645.480093,2661.045898,711504
28/08/20,2661.920239,2678.054371,2625.192035,2635.816895,679405
31/08/20,2645.305105,2648.803029,2576.308637,2594.585205,2787032
01/09/20,2577.095455,2626.940871,2562.229279,2587.064453,755670
02/09/20,2579.718992,2596.946225,2489.691214,2518.986328,1946352
03/09/20,2543.909238,2556.7203,2523.796173,2532.846924,785527
04/09/20,2518.50517,2558.818828,2483.525932,2521.303467,1499317
07/09/20,2534.552199,2541.985288,2474.825101,2534.420898,807657
08/09/20,2535.951282,2551.735708,2506.481313,2537.525391,798195
09/09/20,2514.132927,2554.971148,2494.019864,2544.87085,677328
10/09/20,2550.948492,2557.288479,2511.072075,2548.849609,686071
11/09/20,2548.237609,2572.67931,2539.405265,2550.292725,683992
14/09/20,2555.233705,2612.949456,2531.622716,2586.452637,1185683
15/09/20,2586.190157,2588.463893,2554.402899,2568.656982,632573
16/09/20,2573.160702,2666.292942,2568.700763,2656.629883,1865973
17/09/20,2636.560377,2649.633826,2610.544565,2640.233154,687069
18/09/20,2643.643877,2684.656954,2619.945354,2667.998047,937014
21/09/20,2663.625502,2663.625502,2588.551432,2611.8125,779499
22/09/20,2609.626314,2631.706961,2572.81079,2611.069336,690800
23/09/20,2617.322003,2665.068757,2584.09172,2611.375488,949248
24/09/20,2592.748594,2625.10439,2547.188262,2563.847168,736921
25/09/20,2584.047506,2622.131195,2558.775091,2586.189941,559314
28/09/20,2603.24245,2642.944016,2582.211352,2594.016846,902239
29/09/20,2617.059139,2633.062183,2527.249987,2533.808594,1189292
30/09/20,2533.8527,2570.099899,2509.760704,2519.467529,1095715
01/10/20,2570.973944,2723.08986,2570.973944,2610.675293,4741959
05/10/20,2637.784576,2640.932794,2562.273265,2581.730469,904969
06/10/20,2610.325658,2617.321505,2580.593305,2599.176025,678723
07/10/20,2601.581155,2709.098558,2583.69806,2691.12793,2126243
08/10/20,2684.656811,2720.33568,2668.041671,2688.635742,1009344
09/10/20,2693.401534,2708.836039,2647.578814,2675.737061,698666
12/10/20,2668.041737,2688.723128,2633.150027,2643.337646,632718
13/10/20,2645.305045,2668.129085,2620.119949,2653.568848,456767
14/10/20,2656.629593,2689.029157,2640.932701,2670.796143,822555
15/10/20,2675.867962,2737.125396,2640.451484,2647.403564,1076100
16/10/20,2649.677576,2703.895401,2648.803095,2662.576172,548742
19/10/20,2684.65691,2686.362106,2597.383656,2605.953613,598192
20/10/20,2605.953326,2639.66461,2585.840263,2627.115723,899774
21/10/20,2649.677856,2657.679273,2616.491339,2639.184082,982019
22/10/20,2632.013208,2657.941486,2603.330185,2628.86499,1701072
23/10/20,2649.677507,2706.956014,2620.95072,2695.369141,1217651
26/10/20,2709.098457,2722.9153,2522.877765,2531.753662,2140237
27/10/20,2544.739902,2599.176349,2494.938248,2577.401855,1812330
28/10/20,2577.09579,2594.585412,2527.425221,2574.516113,1197897
29/10/20,2552.566523,2565.727506,2522.877933,2558.16333,714820
30/10/20,2570.974337,2591.262255,2518.593006,2524.539307,722940
02/11/20,2551.735703,2566.470795,2468.178996,2486.761719,926407
03/11/20,2496.818278,2562.185737,2496.818278,2548.981201,951287
04/11/20,2540.367456,2577.751521,2520.604099,2558.819092,710858
05/11/20,2580.593509,2597.208648,2559.605964,2579.106934,507235
06/11/20,2588.463803,2623.443044,2584.091398,2603.679688,889565
09/11/20,2614.698431,2642.681826,2605.95362,2625.148438,550477
10/11/20,2636.560254,2643.118861,2594.585165,2621.256836,664054
11/11/20,2638.920986,2658.421952,2611.680991,2643.643311,782511
12/11/20,2645.305256,2659.209419,2620.163925,2638.702881,646257
13/11/20,2632.187834,2665.418112,2619.595393,2659.078125,557563
14/11/20,2672.107854,2680.284337,2649.677501,2660.08374,59697
17/11/20,2653.175403,2666.205085,2620.338598,2662.925781,501135
18/11/20,2672.239031,2672.239031,2626.85334,2656.585693,455293
19/11/20,2652.300942,2672.851246,2632.187878,2653.394043,888406
20/11/20,2652.30101,2697.774024,2642.681718,2674.644043,820220
23/11/20,2682.907892,2697.77407,2650.202385,2691.434082,493600
24/11/20,2690.778107,2730.129753,2669.790562,2707.130859,858928
25/11/20,2710.891204,2763.360066,2659.296823,2668.260254,1219151
26/11/20,2669.790851,2754.615519,2669.790851,2736.42627,1264680
27/11/20,2750.155462,2841.189027,2742.110278,2775.209473,2548347
01/12/20,2776.564751,2841.145046,2764.234484,2836.510254,1400851
02/12/20,2836.510227,2927.762405,2817.140558,2919.148682,1707284
03/12/20,2945.864368,2948.05057,2869.17242,2880.890381,965142
04/12/20,2884.301018,2924.745768,2875.468673,2895.756592,739106
07/12/20,2895.756396,2916.394234,2857.629152,2902.883545,481597
08/12/20,2903.277478,2959.900134,2886.268862,2908.699219,823352
09/12/20,2916.394078,2932.703063,2885.787244,2891.515137,397850
10/12/20,2891.209044,2903.233158,2861.345603,2877.785889,469288
11/12/20,2881.93985,2918.274367,2873.151273,2909.966797,611154
14/12/20,2909.966821,2916.000868,2855.180667,2876.168213,425416
15/12/20,2871.795776,2927.062936,2852.557193,2860.99585,746643
16/12/20,2876.168412,2893.177028,2843.812611,2888.848389,616704
17/12/20,2891.996392,2912.021923,2849.059287,2859.946533,678073
18/12/20,2864.712683,2940.880076,2860.340277,2927.369385,1362381
21/12/20,2931.697793,2933.883995,2797.027707,2831.78833,797760
22/12/20,2837.691349,2872.670595,2773.854225,2855.443359,825331
23/12/20,2869.172278,2902.358791,2851.682657,2894.226074,816586
24/12/20,2901.527988,2993.829501,2899.822793,2951.154785,1567636
28/12/20,2962.741731,2992.474086,2950.498997,2986.090332,536954
29/12/20,3002.093394,3025.616849,2990.768908,3000.825439,682613
30/12/20,3005.766272,3036.94165,2977.826645,3015.341797,639180
31/12/20,3030.033161,3030.033161,2996.71556,3011.756592,410959
01/01/21,3013.461894,3055.436988,3013.461894,3044.287354,421643
04/01/21,3051.938807,3085.169086,3030.076781,3080.315674,647829
05/01/21,3060.902489,3065.056275,3038.821842,3054.256348,561562
06/01/21,3054.256094,3084.294603,3004.629295,3028.06543,591620
07/01/21,3060.683463,3067.110984,2997.939452,3006.421875,531361
08/01/21,3033.574613,3099.685463,3006.509469,3086.174561,675643
11/01/21,3087.792673,3178.345231,3079.047862,3163.304199,788461
12/01/21,3158.581975,3185.559802,3111.491295,3169.338135,863270
13/01/21,3169.337919,3176.989628,3128.01869,3148.918701,515154
14/01/21,3148.131767,3199.419995,3100.035309,3127.187988,743848
15/01/21,3137.638247,3168.245086,3096.537635,3130.904785,684649
18/01/21,3106.156489,3163.916001,3065.055882,3116.431641,602004
19/01/21,3118.180895,3204.09866,3114.114643,3183.985596,586410
20/01/21,3183.110784,3229.283423,3173.797647,3186.564941,549040
21/01/21,3211.094278,3329.149214,3196.402954,3238.465576,1533886
22/01/21,3279.260332,3611.606914,3270.603054,3576.19043,8537143
25/01/21,3629.096868,3681.565738,3550.393562,3645.668457,2368224
27/01/21,3614.579841,3704.870008,3592.455641,3625.904541,2062088
28/01/21,3567.882596,3664.075509,3564.909446,3616.678467,1262871
29/01/21,3644.836618,3677.498567,3489.179008,3502.99585,1406268
01/02/21,3553.890936,3621.225975,3476.10589,3598.227295,745011
02/02/21,3634.168221,3735.039697,3600.457147,3674.088623,1167922
03/02/21,3677.193086,3724.546153,3637.928969,3704.608154,681937
04/02/21,3704.608017,3813.961705,3672.820544,3693.37085,1163598
05/02/21,3725.289279,3736.482466,3638.715655,3700.147949,729191
08/02/21,3700.323182,3723.977725,3668.448175,3705.570068,616236
09/02/21,3697.655955,3706.05106,3624.724314,3633.381592,721336
10/02/21,3637.841196,3685.937654,3585.459866,3630.45166,989105
11/02/21,3633.468975,3674.919294,3608.502711,3656.992432,546983
12/02/21,3654.456349,3669.14746,3600.238523,3616.897217,360063
15/02/21,3631.020372,3668.141836,3595.559909,3604.873047,287922
16/02/21,3611.606765,3653.232148,3606.359878,3614.099121,318280
17/02/21,3600.238529,3677.192863,3594.991643,3642.825928,554383
18/02/21,3672.820754,3672.820754,3587.209136,3598.883545,440460
19/02/21,3590.619208,3591.231515,3477.986005,3498.88623,762200
22/02/21,3506.668919,3532.90335,3433.955907,3473.045166,762310
23/02/21,3455.949345,3496.78757,3401.90637,3421.188721,802871
24/02/21,3434.087295,3454.20036,3371.430809,3438.328613,399843
25/02/21,3441.957356,3480.434522,3419.264616,3449.652832,632973
26/02/21,3419.658137,3448.166305,3299.46076,3321.891113,732210
01/03/21,3321.890841,3374.447233,3280.178141,3335.314209,724589
02/03/21,3342.266614,3464.825049,3306.850131,3448.99707,735847
03/03/21,3484.80686,3484.80686,3378.64495,3411.437988,615104
04/03/21,3388.614315,3434.612107,3358.881957,3392.156006,611769
05/03/21,3368.58828,3422.062707,3342.047697,3369.244141,719936
08/03/21,3365.002758,3365.002758,3296.793243,3321.93457,818275
09/03/21,3324.951487,3348.999714,3302.040128,3321.93457,526071
10/03/21,3340.517747,3392.112131,3324.777087,3382.099365,545219
12/03/21,3391.237555,3391.237555,3266.01191,3276.155762,1119478
15/03/21,3301.166316,3301.166316,3166.539987,3204.667236,1024257
16/03/21,3212.099822,3226.834913,3178.738457,3195.74707,858553
17/03/21,3191.855798,3216.341267,3109.479726,3121.547607,773240
18/03/21,3146.382897,3229.414832,3117.525022,3204.535889,1285600
19/03/21,3195.310293,3211.969202,3122.072498,3191.899902,1132705
22/03/21,3192.03041,3222.46239,3178.126247,3204.75415,502724
23/03/21,3205.454061,3244.280934,3184.204129,3216.647461,581531
24/03/21,3201.474975,3233.830773,3140.217538,3151.236084,507559
25/03/21,3161.248824,3161.248824,3058.060066,3062.082764,808505
26/03/21,3075.637138,3164.965285,3075.637138,3148.175293,691000
30/03/21,3151.848416,3213.499332,3131.822885,3206.459717,749230
31/03/21,3191.855723,3221.23837,3158.669211,3209.870117,694645
01/04/21,3239.077791,3291.809041,3227.00991,3273.226318,861229
05/04/21,3235.623662,3270.559137,3127.188011,3146.820068,723573
06/04/21,3183.067299,3183.111065,3150.099405,3161.686279,501882
07/04/21,3152.504204,3229.852011,3144.852495,3218.265137,346982
08/04/21,3234.661565,3234.661565,3187.483357,3191.680908,414020
09/04/21,3183.110997,3230.332974,3169.993782,3192.992676,484807
12/04/21,3130.204873,3147.257254,3043.237777,3096.537354,724230
13/04/21,3121.022822,3168.856892,3073.975699,3150.27417,412122
15/04/21,3150.274195,3196.709224,3083.507695,3145.945557,614450
16/04/21,3130.64207,3198.41435,3121.853493,3178.432373,526787
19/04/21,3082.720395,3114.901338,3014.336023,3074.281738,601819
20/04/21,3135.320692,3169.381686,3108.86764,3148.918701,676558
22/04/21,3143.584522,3230.333,3124.520793,3219.314453,1005711
23/04/21,3218.090346,3243.975071,3183.111103,3211.531738,631762
26/04/21,3220.014229,3278.429609,3214.592489,3269.553711,480016
27/04/21,3269.553687,3321.279158,3259.365855,3310.348145,518487
28/04/21,3331.816598,3457.698103,3329.149388,3401.512695,1252958
29/04/21,3448.078832,3457.960511,3329.236941,3354.902832,1335444
30/04/21,3327.400418,3468.498021,3323.028012,3352.541748,1340273
03/05/21,3336.145403,3416.422811,3309.91097,3368.370117,796444
04/05/21,3390.363059,3399.982351,3336.189001,3349.568604,408324
05/05/21,3359.931067,3369.025798,3309.123846,3361.330322,371452
06/05/21,3368.501211,3471.689981,3368.501211,3446.504883,938078
07/05/21,3458.135122,3469.765762,3370.206015,3381.399414,486456
10/05/21,3410.475855,3413.842693,3361.942161,3383.060791,306598
11/05/21,3375.496984,3405.841435,3332.866031,3392.374512,453808
12/05/21,3380.743814,3410.47617,3364.303527,3388.832764,499840
14/05/21,3393.248789,3405.360223,3335.270654,3365.702637,481619
17/05/21,3362.379635,3431.813345,3352.060716,3379.344482,427552
18/05/21,3409.339155,3566.133647,3381.967856,3556.689209,1371585
19/05/21,3563.510231,3595.86603,3539.72439,3581.830566,788882
20/05/21,3581.830417,3610.732056,3552.229363,3560.187012,465579
21/05/21,3569.806221,3613.355417,3546.107915,3607.714844,378016
24/05/21,3607.234684,3659.572466,3591.843731,3622.363037,500267
25/05/21,3642.694559,3661.452349,3621.226219,3629.184082,297915
26/05/21,3629.183761,3655.330658,3622.10038,3643.350098,261524
27/05/21,3646.58618,3737.532215,3631.501381,3713.134277,878610
28/05/21,3707.974605,3721.791234,3662.020371,3672.383057,285520
31/05/21,3664.075306,3697.91789,3643.962243,3666.523682,321021
01/06/21,3677.105256,3801.369098,3677.105256,3706.881592,1248169
02/06/21,3697.21838,3765.427902,3672.820444,3755.939697,351583
03/06/21,3755.283745,3760.268457,3709.548557,3736.963623,323999
04/06/21,3729.137269,3756.290164,3707.800014,3716.588379,374317
07/06/21,3724.02119,3747.063852,3707.799737,3716.325928,159646
08/06/21,3716.544446,3738.406472,3702.552749,3733.946533,150816
09/06/21,3732.284795,3736.21996,3673.69457,3694.244873,262617
10/06/21,3698.180268,3702.115433,3643.087963,3655.243164,332571
11/06/21,3659.702985,3687.55529,3639.589922,3648.771973,188155
14/06/21,3649.209392,3668.885216,3609.114351,3626.035645,200657
15/06/21,3633.468585,3648.159695,3612.568574,3618.689941,138010
16/06/21,3618.690303,3636.135945,3587.12145,3594.510986,216236
17/06/21,3602.861876,3602.861876,3534.696122,3545.058594,357704
18/06/21,3546.020638,3667.005176,3524.158612,3644.050049,701993
21/06/21,3631.719672,3669.322356,3591.012752,3657.647949,374649
22/06/21,3658.216349,3699.579558,3633.73088,3691.709229,591793
23/06/21,3699.054811,3724.983088,3665.16867,3671.596191,418053
24/06/21,3664.075486,3704.47668,3634.998992,3696.34375,314542
25/06/21,3690.310072,3715.670023,3653.581867,3669.453613,175051
28/06/21,3669.453309,3677.411171,3643.087792,3658.347656,158954
29/06/21,3659.702992,3663.06983,3600.238284,3606.927979,332405
30/06/21,3611.607039,3641.339397,3602.687161,3614.973877,331122
01/07/21,3621.226214,3716.544653,3621.226214,3676.799316,755502
02/07/21,3698.617713,3698.617713,3647.46057,3651.264648,375525
05/07/21,3665.474803,3716.456877,3661.321018,3674.13208,375703
06/07/21,3675.880989,3715.669876,3648.334837,3668.797607,515181
07/07/21,3672.820318,3693.807863,3646.585887,3662.545166,392794
08/07/21,3681.046442,3726.011131,3646.531348,3688.827148,625491
09/07/21,3688.555991,3691.22488,3609.845084,3615.182861,656635
12/07/21,3635.177179,3646.033856,3570.851283,3579.219971,512870
13/07/21,3605.321345,3636.715191,3577.772573,3588.222168,614101
14/07/21,3590.84587,3621.697016,3564.608901,3577.139404,527932
15/07/21,3577.27501,3591.705298,3555.833117,3564.608887,310788
16/07/21,3580.893763,3583.246131,3551.037903,3557.325684,323569
19/07/21,3548.323626,3563.703917,3505.801645,3512.903809,408067
20/07/21,3517.472766,3557.778223,3512.044428,3533.30542,467908
22/07/21,3546.514402,3631.241629,3421.300819,3486.078857,1707977
23/07/21,3503.992445,3551.038044,3460.611018,3475.855469,709478
26/07/21,3484.993055,3502.454254,3465.089149,3470.834229,408134
27/07/21,3483.184007,3491.326516,3448.804529,3457.308838,391373
28/07/21,3468.708021,3475.448163,3420.757702,3454.684814,235770
29/07/21,3463.098923,3463.098923,3392.711425,3405.151367,355185
30/07/21,3416.234294,3490.421586,3395.561284,3464.727539,511767
02/08/21,3504.897037,3510.325375,3449.889832,3475.538818,351187
03/08/21,3465.089239,3472.327023,3443.059145,3463.460693,408981
04/08/21,3469.612851,3496.618922,3452.423113,3466.898682,363955
05/08/21,3475.945944,3490.421512,3450.251897,3454.911133,333818
06/08/21,3467.8033,3503.404239,3435.459453,3481.238525,504011
09/08/21,3490.557187,3527.424651,3471.467663,3487.843018,396098
10/08/21,3489.516712,3493.814147,3424.467215,3436.092773,253258
11/08/21,3437.94774,3443.602259,3343.132716,3372.038574,497724
12/08/21,3389.816225,3417.138816,3380.045173,3410.217773,316454
13/08/21,3419.853062,3492.230904,3401.758601,3461.244141,581862
16/08/21,3461.470399,3464.184568,3387.283109,3391.309082,294567
17/08/21,3391.806726,3455.589701,3385.066583,3444.687744,319770
18/08/21,3446.994723,3488.657262,3415.329417,3467.848633,493285
20/08/21,3419.853211,3460.565749,3370.817265,3394.068604,301943
23/08/21,3427.000266,3427.000266,3299.6605,3318.750244,455643
24/08/21,3338.42793,3367.379066,3305.58644,3360.819824,276602
25/08/21,3375.928796,3401.713403,3329.380839,3338.111328,398715
26/08/21,3338.111071,3365.25276,3320.333352,3339.694336,283891
27/08/21,3354.170288,3392.621019,3328.47624,3346.977783,274822
30/08/21,3363.669833,3398.682793,3351.998994,3365.931641,561903
31/08/21,3377.28583,3382.759449,3352.541787,3372.671875,693952
01/09/21,3396.33035,3446.994841,3374.707557,3400.220703,585605
02/09/21,3427.995647,3427.995647,3362.855587,3366.429199,474397
03/09/21,3370.99805,3446.542424,3370.093327,3399.496826,740269
06/09/21,3423.879078,3464.184534,3410.805875,3420.848389,779715
07/09/21,3435.052569,3438.535621,3403.703783,3411.439209,450262
08/09/21,3410.579772,3410.579772,3363.760353,3370.410156,396710
09/09/21,3370.002905,3373.667077,3342.951773,3348.018311,479537
13/09/21,3346.570473,3365.569657,3329.380736,3347.068115,342427
14/09/21,3363.217556,3408.09191,3338.428232,3393.661621,741880
15/09/21,3404.110889,3439.395086,3399.994355,3419.038818,510406
16/09/21,3436.137926,3468.707954,3419.898193,3450.161133,558125
17/09/21,3474.13634,3509.782338,3447.401731,3458.032227,1304667
20/09/21,3450.070815,3450.070815,3379.140615,3416.279541,399648
21/09/21,3417.139103,3432.383775,3343.856533,3373.531494,354217
22/09/21,3376.426479,3410.805956,3367.424529,3399.180176,245919
23/09/21,3399.180227,3456.042161,3399.180227,3437.223877,228970
24/09/21,3437.947878,3482.369872,3426.231758,3446.814209,363519
27/09/21,3465.994119,3550.857189,3458.575434,3540.543213,962801
28/09/21,3554.656938,3568.951607,3506.163693,3536.291016,478682
29/09/21,3528.419753,3560.899221,3483.183603,3527.741211,379896
30/09/21,3521.4084,3525.162913,3448.804373,3467.486816,576711
01/10/21,3456.042073,3511.003998,3440.345039,3485.536133,407091
04/10/21,3489.019101,3514.487187,3457.172895,3461.425049,237249
05/10/21,3460.068254,3504.806768,3456.042281,3495.850098,287612
06/10/21,3506.706685,3513.94447,3401.758807,3410.851318,383507
07/10/21,3451.518303,3500.056604,3424.376612,3463.777344,343916
08/10/21,3477.348359,3509.013666,3443.466525,3452.016113,215542
11/10/21,3478.660362,3510.23511,3465.406257,3485.083984,239321
12/10/21,3492.230888,3613.916136,3490.421442,3599.666748,1353877
13/10/21,3614.323251,3664.128298,3579.627255,3589.624268,648769
14/10/21,3591.750468,3627.079947,3577.4558,3588.041016,272066
18/10/21,3493.135611,3591.47896,3493.135611,3542.850098,463126
19/10/21,3555.742626,3578.179803,3521.408429,3538.869629,275481
20/10/21,3531.812733,3537.376691,3463.279959,3481.962402,321450
21/10/21,3501.278126,3505.937361,3410.353462,3441.566406,373336
22/10/21,3473.639013,3537.467271,3449.754412,3498.111816,408499
25/10/21,3486.802622,3514.622856,3379.14058,3405.151367,306195
26/10/21,3419.71777,3448.623629,3403.794555,3430.483887,170050
27/10/21,3433.424145,3451.518607,3401.758837,3416.686768,251226
28/10/21,3487.662177,3492.231073,3337.387807,3348.108643,706705
29/10/21,3365.569887,3397.099575,3315.810118,3354.034668,316325
01/11/21,3367.198376,3392.711523,3330.828553,3371.133789,228051
02/11/21,3379.14045,3428.900215,3371.947946,3385.337891,250053
03/11/21,3371.178932,3405.332227,3337.56856,3346.027588,261709
04/11/21,3364.212871,3406.191935,3364.212871,3401.170898,65679
08/11/21,3429.805062,3437.947569,3386.921278,3417.4104,261609
09/11/21,3419.853066,3478.660063,3412.615282,3432.92627,521920
10/11/21,3428.900471,3439.395347,3387.283209,3412.343994,373526
11/11/21,3414.877255,3421.527058,3370.998186,3392.66626,446382
12/11/21,3421.662633,3421.662633,3271.207143,3288.713623,745428
15/11/21,3303.143744,3323.861813,3238.95369,3258.043213,551238
16/11/21,3268.673816,3303.867675,3241.713246,3264.874023,473529
17/11/21,3266.050135,3296.810718,3235.651353,3242.346436,348752
18/11/21,3248.408104,3252.388797,3189.148744,3209.550293,384426
22/11/21,3229.861324,3229.861324,3099.581204,3116.047119,422572
23/11/21,3112.24737,3119.937516,3054.390374,3107.588135,713102
24/11/21,3129.436971,3129.436971,3063.075448,3082.481934,287005
25/11/21,3077.868009,3088.634125,3055.295211,3068.549316,264226
26/11/21,3048.916757,3061.130518,3003.680603,3016.889648,341506
29/11/21,3004.585249,3034.757851,2936.911921,2983.95752,403739
30/11/21,2981.96725,3006.349492,2915.967746,2931.574219,682518
01/12/21,2967.491644,2980.338667,2919.812783,2939.942871,551434
02/12/21,2949.352022,3019.377722,2928.136309,3011.280273,502905
03/12/21,3017.251353,3024.624758,2968.034508,2974.59375,315536
06/12/21,2983.595519,2985.585865,2933.745194,2940.123535,251407
07/12/21,2971.970064,3000.966483,2950.30199,2973.327148,286908
08/12/21,2988.164408,3019.920053,2982.87169,3014.582275,334037
09/12/21,3030.822195,3030.822195,2991.014381,3022.679688,237723
10/12/21,3003.861514,3043.669329,3003.680614,3026.07251,220039
13/12/21,3046.202595,3051.133292,2981.062534,2990.516846,214515
14/12/21,2985.58602,2990.109635,2956.634883,2978.031494,181626
15/12/21,2976.221868,3012.591909,2962.967765,2980.609863,295667
16/12/21,3010.692135,3010.692135,2919.858029,2943.199707,324140
17/12/21,2938.585796,2951.025738,2849.063493,2876.250244,3170631
20/12/21,2849.787023,2868.967328,2738.64193,2809.345947,595625
21/12/21,2815.498242,2858.97023,2797.40378,2832.50708,326850
22/12/21,2833.592412,2871.183696,2828.164074,2837.075684,294578
23/12/21,2849.877726,2886.926092,2839.021049,2871.681641,224147
24/12/21,2878.195572,2890.590234,2836.306849,2851.732422,123753
27/12/21,2845.353846,2871.726434,2824.545217,2853.586914,94069
28/12/21,2860.010575,2883.850116,2849.87772,2873.445801,214640
29/12/21,2884.93585,2957.53988,2851.732555,2951.65918,563709
30/12/21,2965.681973,2966.722316,2883.352181,2895.837402,594987
31/12/21,2922.255711,2953.649559,2910.49431,2939.671631,248103
03/01/22,2948.221126,2978.891372,2941.707164,2964.868164,266680
04/01/22,2971.11054,3000.061678,2959.032399,2975.769775,244503
05/01/22,2975.769706,3044.393037,2968.396301,3038.557617,312215
06/01/22,3026.117589,3102.295223,3015.441813,3092.52417,410181
07/01/22,3109.985486,3109.985486,3055.249742,3069.272949,263996
10/01/22,3089.44853,3122.425643,3080.084557,3107.814453,318473
11/01/22,3087.819955,3117.630537,3087.819955,3109.307129,225782
12/01/22,3117.765984,3123.103762,3088.950469,3112.337646,198452
13/01/22,3117.585043,3143.27931,3103.200035,3122.199219,291271
14/01/22,3122.199314,3132.332168,3098.676514,3105.733398,127752
17/01/22,3121.294582,3190.958258,3106.864294,3157.257324,646271
18/01/22,3156.533351,3163.997316,3069.36342,3076.917725,656590
19/01/22,3076.917884,3132.422733,3060.72343,3109.352295,694189
20/01/22,3075.063388,3119.485383,2981.062742,2993.502686,874508
21/01/22,2993.502385,3142.962589,2958.444367,3093.971924,1609260
24/01/22,3095.057661,3125.094423,3030.822322,3060.044922,788137
25/01/22,3038.964614,3157.48333,3011.596743,3138.574707,571406
27/01/22,3116.770829,3199.824447,3070.810855,3167.525879,664333
28/01/22,3171.054198,3222.894872,3153.050298,3163.997314,575466
31/01/22,3184.624958,3244.019935,3154.769099,3225.020752,470500
01/02/22,3236.194498,3250.082086,3176.980416,3197.698486,487464
02/02/22,3202.71966,3243.432198,3185.937003,3198.196045,212256
03/02/22,3211.767115,3303.098871,3185.530144,3276.093018,760774
04/02/22,3276.092853,3276.092853,3211.766953,3225.654541,296588
07/02/22,3229.861351,3229.861351,3137.579598,3144.817383,286849
08/02/22,3144.908201,3178.247116,3117.585385,3129.120605,397493
09/02/22,3123.103978,3229.861298,3123.103978,3224.025879,352729
10/02/22,3223.844855,3240.31077,3207.831081,3229.273193,239918
11/02/22,3193.672553,3234.385093,3173.768645,3226.830566,339577
14/02/22,3134.865555,3200.910342,3131.563404,3155.628906,282645
15/02/22,3157.483214,3257.907465,3142.781465,3247.231689,357052
16/02/22,3256.098361,3293.192007,3230.856675,3245.151123,244587
17/02/22,3248.046341,3311.286394,3248.046341,3254.560303,513917
18/02/22,3254.288916,3295.453816,3224.071253,3286.089844,277299
21/02/22,3278.851849,3291.337071,3227.463758,3238.456055,344326
22/02/22,3184.625125,3270.573814,3180.10151,3257.63623,432562
23/02/22,3270.664337,3293.101292,3229.86124,3239.179932,209392
24/02/22,3153.411934,3220.180534,3107.723424,3147.440674,628362
25/02/22,3157.573873,3220.813923,3157.573873,3174.130127,327777
28/02/22,3164.449674,3221.718686,3119.530265,3193.989014,387040
02/03/22,3164.992662,3164.992662,3015.441899,3050.997559,982580
03/03/22,3075.153591,3080.401029,2966.586827,2982.962402,536758
04/03/22,2941.254828,2972.874857,2850.782517,2933.202881,509620
07/03/22,2881.54299,2966.586959,2827.259606,2926.462402,335205
08/03/22,2921.350697,3034.848158,2873.128914,3001.056885,557492
09/03/22,3003.680623,3039.869546,2979.2531,3020.870361,508262
10/03/22,3075.153923,3112.247572,3062.8496,3096.279297,350154
11/03/22,3076.058314,3117.223212,3063.799272,3096.866943,156038
14/03/22,3077.867769,3134.82004,3047.107186,3123.601563,245299
15/03/22,3113.15206,3161.102382,3099.897956,3124.95874,229544
16/03/22,3157.528995,3249.946374,3149.341206,3229.680664,262987
17/03/22,3238.908784,3315.67463,3234.973151,3302.646484,429272
21/03/22,3302.646096,3363.76018,3239.134585,3247.096191,432309
22/03/22,3238.908671,3313.095964,3224.885463,3308.074707,213667
23/03/22,3315.76499,3332.412028,3247.956036,3258.360352,281347
24/03/22,3248.227372,3291.292059,3229.589988,3242.437012,385957
25/03/22,3249.765473,3310.517543,3249.765473,3306.175049,492945
28/03/22,3306.174915,3380.95019,3297.760946,3336.392578,688267
29/03/22,3345.484816,3379.140468,3312.055344,3337.61377,376929
30/03/22,3374.300404,3374.300404,3316.036325,3324.043213,343930
31/03/22,3329.380892,3361.181819,3289.663638,3304.953369,511249
01/04/22,3289.573092,3389.09263,3289.573092,3383.57373,391985
04/04/22,3392.711653,3412.615561,3362.312868,3405.061035,419517
05/04/22,3406.282312,3455.9968,3406.282312,3446.723389,339228
06/04/22,3438.852349,3446.994857,3385.111888,3439.576172,240470
07/04/22,3439.621353,3455.680187,3411.75584,3439.983154,224527
08/04/22,3449.075689,3470.517581,3408.091691,3447.311523,229962
11/04/22,3456.042264,3460.565879,3409.132282,3426.322021,135225
12/04/22,3409.448769,3416.867453,3325.807168,3358.377197,266145
13/04/22,3358.377135,3390.449522,3319.519326,3345.032471,198206
18/04/22,3338.427808,3400.175152,3297.941455,3360.684082,373718
19/04/22,3383.664156,3414.967661,3273.604687,3308.707764,211918
20/04/22,3316.714704,3379.095314,3304.320042,3366.248291,174080
21/04/22,3351.99899,3383.211936,3329.471474,3349.601563,216475
22/04/22,3320.333496,3342.725391,3277.675894,3295.453613,228316
25/04/22,3258.812516,3369.867273,3257.00307,3332.049805,444222
26/04/22,3351.953885,3532.943789,3351.953885,3521.272949,1107122
27/04/22,3501.278448,3545.60988,3479.565093,3533.531738,541564
28/04/22,3618.892298,3618.892298,3442.471298,3469.070068,1628318
29/04/22,3442.471272,3474.13658,3357.744045,3374.209961,594650
02/05/22,3365.570057,3365.570057,3262.43162,3278.218994,376660
04/05/22,3279.620937,3332.094872,3153.321515,3163.72583,575428
05/05/22,3201.633826,3252.479215,3175.93956,3188.15332,323081
06/05/22,3155.945652,3216.290639,3130.341944,3166.304688,436366
09/05/22,3157.483527,3243.160758,3148.436296,3228.730469,502719
10/05/22,3225.292525,3299.253637,3202.719728,3250.715332,507087
11/05/22,3257.003126,3282.290092,3200.277033,3268.628906,437746
12/05/22,3243.432129,3305.858019,3201.995769,3243.432129,777332
13/05/22,3273.333164,3380.0452,3273.333164,3295.091797,633218
16/05/22,3302.239325,3370.093558,3302.239325,3361.81543,401803
17/05/22,3370.183948,3426.186217,3370.183948,3386.287842,402398
18/05/22,3386.378476,3464.637022,3380.226315,3429.986084,507061
19/05/22,3340.14679,3418.043529,3329.425954,3346.16333,261026
20/05/22,3401.758568,3482.278917,3379.140492,3426.909912,396832
23/05/22,3470.517771,3505.34961,3410.806047,3425.417236,339483
24/05/22,3453.689792,3475.946068,3411.756009,3422.838867,369304
25/05/22,3451.111257,3455.137231,3385.699739,3430.528809,225253
26/05/22,3438.942825,3501.278154,3396.375562,3489.833496,419826
27/05/22,3505.80172,3519.372565,3458.801403,3467.848633,422591
30/05/22,3492.230992,3531.269703,3476.89598,3489.245361,271827
31/05/22,3506.706791,3580.894086,3473.232035,3495.940674,1154256
01/06/22,3507.792517,3532.039142,3354.080144,3365.660645,784215
02/06/22,3365.660144,3392.620713,3317.031282,3337.251709,346754
03/06/22,3364.665089,3378.145375,3302.239198,3322.776367,409815
06/06/22,3311.286362,3501.052022,3302.691493,3453.327881,1136609
07/06/22,3406.282375,3486.485988,3406.282375,3468.798828,561644
08/06/22,3468.255725,3483.183655,3409.041647,3432.654785,346603
09/06/22,3432.655144,3523.896559,3419.310478,3509.104248,627869
10/06/22,3579.355916,3592.655301,3483.18381,3511.230225,1412838
13/06/22,3460.565628,3523.941521,3432.926295,3511.456299,519745
14/06/22,3514.849072,3542.669306,3259.67189,3330.964111,1733394
15/06/22,3347.475233,3386.061582,3297.715466,3345.756348,753821
16/06/22,3380.769282,3380.769282,3286.858981,3309.657959,438590
17/06/22,3320.333504,3360.096037,3271.11666,3283.19458,727356
20/06/22,3275.323459,3292.106114,3234.203842,3271.433105,268242
21/06/22,3285.049104,3324.856915,3271.52354,3297.941406,424763
22/06/22,3297.715597,3366.926912,3269.804802,3289.256348,585483
23/06/22,3329.47158,3434.3289,3316.036354,3424.196045,1186420
24/06/22,3438.671317,3475.357879,3421.617199,3450.025635,558798
27/06/22,3501.278013,3581.300718,3453.327694,3493.316406,1819576
28/06/22,3474.091307,3534.933933,3422.612653,3518.468018,799053
29/06/22,3510.325526,3528.419987,3488.657452,3499.061768,524392
30/06/22,3520.13536,3537.360648,3465.6906,3479.395752,715926
01/07/22,3443.114993,3453.206049,3380.362847,3402.422363,756589
04/07/22,3421.008173,3468.647337,3386.839485,3454.191406,536505
05/07/22,3473.200436,3473.200436,3438.468432,3457.007813,294980
06/07/22,3456.303768,3545.762192,3449.873562,3541.772705,333226
07/07/22,3554.210416,3600.95786,3552.990056,3562.846436,534547
08/07/22,3595.2316,3595.2316,3560.217941,3590.538086,326804
11/07/22,3585.844764,3621.515471,3562.377194,3612.644775,372417
12/07/22,3616.821776,3626.208804,3597.155999,3611.987549,244636
13/07/22,3621.515491,3641.181269,3612.128463,3624.096924,308508
14/07/22,3622.360017,3647.751972,3605.557329,3626.396484,377688
15/07/22,3626.208879,3678.776235,3624.331474,3673.472656,281730
18/07/22,3689.102177,3745.424347,3684.502625,3739.839111,513318
19/07/22,3733.268131,3788.604617,3722.895419,3756.688721,512451
20/07/22,3771.70786,3806.439863,3753.872506,3756.735596,377717
21/07/22,3759.176093,3821.083727,3748.662668,3808.364258,371547
22/07/22,3815.826838,3840.233111,3797.287458,3805.970459,280291
25/07/22,3805.970626,3824.22835,3753.215573,3774.664795,372987
26/07/22,3767.952913,3782.972157,3676.898744,3684.97168,882407
27/07/22,3691.918157,3717.263133,3609.453024,3645.781006,514997
28/07/22,3645.921597,3673.801023,3611.189594,3621.75,423758
29/07/22,3660.002215,3709.988139,3640.289456,3674.505127,412805
01/08/22,3679.667918,3743.781363,3675.021385,3729.747803,459482
02/08/22,3729.747695,3759.504527,3699.756188,3751.243896,398168
03/08/22,3753.872379,3764.19811,3720.12606,3758.049561,312355
04/08/22,3765.136899,3787.665766,3732.282301,3765.793945,310996
05/08/22,3778.278626,3790.716437,3748.287118,3767.108154,287542
08/08/22,3767.01412,3792.265132,3754.810984,3776.07251,238574
10/08/22,3767.953101,3816.765648,3767.953101,3787.525146,218912
11/08/22,3801.840371,3809.490707,3775.791368,3786.257813,277432
12/08/22,3786.257771,3811.133395,3767.718391,3790.481934,217139
16/08/22,3790.481818,3848.681391,3790.481818,3840.373779,302627
17/08/22,3844.081972,3867.87818,3811.133412,3818.549072,313179
18/08/22,3828.968451,3828.968451,3792.828396,3811.743164,451908
19/08/22,3803.62371,3837.839381,3801.746305,3824.791504,223883
22/08/22,3782.972284,3823.711894,3763.07183,3793.861328,388178
23/08/22,3778.278767,3823.195788,3769.877423,3815.310547,172256
24/08/22,3802.168564,3833.615106,3802.168564,3816.530762,245586
25/08/22,3823.336352,3844.597878,3802.778854,3813.902344,374693
26/08/22,3825.213834,3871.538908,3793.72031,3805.876465,453561
29/08/22,3778.231811,3801.746362,3741.200031,3783.019287,608621
30/08/22,3801.980997,3875.85709,3765.653244,3834.460205,740581
01/09/22,3764.198284,3878.485351,3764.198284,3826.434326,510034
02/09/22,3829.907292,3851.309532,3778.654029,3783.816895,556543
05/09/22,3801.746158,3807.237661,3702.525323,3714.118164,799837
06/09/22,3719.140376,3745.424054,3679.245508,3688.538574,508096
07/09/22,3675.021495,3696.142308,3577.584097,3609.922363,724097
08/09/22,3627.992287,3642.119809,3604.618679,3610.814209,493973
09/09/22,3628.884274,3642.166826,3599.925201,3612.69165,485613
12/09/22,3604.618783,3651.366228,3590.53824,3633.061523,369281
13/09/22,3628.086331,3651.553901,3618.699303,3629.494385,507487
14/09/22,3581.151205,3678.729315,3577.959707,3614.240479,576311
15/09/22,3628.0864,3646.485067,3521.402916,3537.032227,351737
16/09/22,3567.070545,3567.070545,3450.765363,3463.390869,579176
19/09/22,3473.200282,3503.098057,3436.684836,3480.94458,454942
20/09/22,3498.357636,3574.486296,3496.667925,3537.595459,268923
21/09/22,3542.523701,3574.063978,3495.729274,3501.924805,197924
22/09/22,3491.974494,3529.522607,3473.200438,3500.328857,149651
23/09/22,3501.361474,3538.909586,3457.242442,3472.167725,158122
26/09/22,3444.006517,3460.762453,3347.414093,3355.393066,517637
27/09/22,3369.942955,3374.589488,3294.940695,3324.79126,344198
28/09/22,3308.927589,3354.830067,3290.153531,3328.546387,181128
29/09/22,3344.598236,3345.396225,3252.652338,3263.588135,350931
30/09/22,3272.787299,3336.102756,3249.085053,3311.508789,276996
03/10/22,3311.508964,3341.688169,3261.992389,3299.869141,442640
04/10/22,3332.864321,3379.236148,3322.256933,3360.180664,317554
06/10/22,3376.983256,3395.428674,3351.168929,3374.307861,353529
07/10/22,3360.603081,3444.00669,3360.5561,3382.662598,591544
10/10/22,3339.294659,3402.703853,3312.729322,3395.241211,240975
11/10/22,3412.231663,3412.231663,3303.858471,3312.44751,258827
12/10/22,3329.015348,3429.081153,3300.338163,3402.328125,496229
13/10/22,3395.147352,3425.138861,3369.94309,3383.835938,336605
14/10/22,3435.605349,3438.468439,3334.413139,3351.638428,499983
17/10/22,3360.556053,3449.545125,3358.678647,3406.55249,921084
18/10/22,3423.589858,3440.205081,3381.30148,3389.9375,496519
19/10/22,3406.92772,3489.111193,3401.624141,3431.756592,456361
20/10/22,3406.880883,3476.860989,3366.188028,3465.549805,310251
21/10/22,3472.26157,3492.302966,3418.520836,3443.725098,207556
24/10/22,3487.280932,3491.974446,3454.426334,3473.012695,29986
25/10/22,3472.261678,3498.545357,3420.633024,3430.114014,351456
27/10/22,3464.37663,3464.37663,3385.102996,3400.263184,333703
28/10/22,3417.30053,3491.03568,3408.429834,3445.696289,500485
31/10/22,3462.968502,3479.161125,3434.807419,3446.775879,314769
01/11/22,3460.574952,3514.691079,3438.468455,3503.895996,514106
02/11/22,3516.380649,3516.380649,3467.192714,3507.744629,317571
03/11/22,3523.890363,3580.212532,3502.34718,3542.195068,637882
04/11/22,3547.780414,3576.36387,3532.244836,3539.942383,230932
07/11/22,3557.683814,3584.577559,3528.114674,3538.769043,272013
09/11/22,3557.683436,3561.438247,3489.956124,3510.325928,249436
10/11/22,3510.326041,3538.909495,3489.158248,3496.29248,291055
11/11/22,3513.799128,3552.004285,3481.179207,3499.155273,268871
14/11/22,3516.662402,3537.032208,3483.009815,3497.606689,200313
15/11/22,3497.65353,3556.744824,3497.65353,3533.417969,296104
16/11/22,3526.706112,3565.662275,3510.419528,3517.741455,329588
17/11/22,3519.196679,3536.421966,3452.924172,3467.70874,185433
18/11/22,3467.708819,3479.630528,3399.042801,3410.260254,327528
21/11/22,3393.410847,3422.322941,3385.337911,3397.63501,226673
22/11/22,3413.123508,3419.694428,3365.249663,3397.259521,322261
23/11/22,3400.169222,3430.160731,3374.636552,3386.698975,340707
24/11/22,3395.475746,3407.16255,3377.875068,3398.244873,397640
25/11/22,3409.603171,3428.799597,3380.268709,3417.112793,224797
28/11/22,3407.678932,3482.587463,3407.678932,3451.328613,185431
29/11/22,3454.754825,3470.384134,3428.14251,3435.746094,134922
30/11/22,3449.685745,3541.631636,3445.977915,3520.79248,1267676
01/12/22,3514.550389,3514.550389,3374.026621,3480.334717,514227
02/12/22,3479.771334,3484.793486,3417.629253,3435.042236,349992
05/12/22,3446.916745,3446.916745,3415.00085,3435.55835,163476
06/12/22,3428.142567,3473.012606,3418.849501,3468.319092,251515
07/12/22,3468.319067,3481.22623,3407.06871,3411.855957,167024
08/12/22,3412.231725,3434.291241,3396.226796,3413.26416,141912
09/12/22,3426.265386,3444.382397,3380.268946,3395.241211,166035
12/12/22,3395.241048,3402.422262,3354.501438,3376.279297,171844
13/12/22,3393.176174,3418.755827,3371.163637,3413.827637,126272
14/12/22,3426.265311,3443.114981,3417.816985,3428.189697,132320
15/12/22,3412.184609,3431.897368,3388.71704,3397.447021,161541
16/12/22,3392.237224,3405.519777,3322.06919,3332.019531,228381
19/12/22,3348.681627,3413.452122,3332.395041,3407.256592,238078
20/12/22,3411.24588,3411.24588,3361.870023,3392.096436,152284
21/12/22,3393.410711,3432.976944,3372.38386,3389.702881,149348
22/12/22,3406.693034,3424.293711,3362.010921,3380.12793,158182
23/12/22,3360.55591,3379.329965,3316.43688,3324.69751,122024
26/12/22,3324.885482,3355.674981,3308.035812,3334.460205,140091
27/12/22,3337.088398,3379.330023,3332.394884,3370.834717,115917
28/12/22,3360.556122,3383.976712,3332.395037,3366.986328,229748
29/12/22,3359.617448,3379.330207,3323.008037,3350.042725,748244
30/12/22,3360.555959,3419.788196,3348.962888,3394.39624,287867
02/01/23,3395.288156,3398.104265,3304.656351,3354.876953,471328
03/01/23,3344.128678,3398.104088,3344.128678,3380.925781,218996
04/01/23,3368.065377,3381.723548,3326.293106,3335.070068,250071
05/01/23,3349.291631,3409.837962,3340.233241,3399.183594,294998
06/01/23,3396.226692,3424.387775,3377.452636,3418.990234,173591
09/01/23,3436.121541,3444.100515,3384.962239,3398.808105,200031
10/01/23,3408.054549,3413.123452,3344.879803,3355.111572,247609
11/01/23,3365.249541,3369.896074,3314.606571,3321.17749,308958
12/01/23,3321.177518,3360.556055,3304.280867,3351.450684,182941
13/01/23,3360.55595,3396.085941,3337.229094,3384.305176,180876
16/01/23,3388.670221,3398.995952,3341.782061,3363.512939,226147
17/01/23,3369.943037,3391.251545,3349.43229,3385.854004,106465
18/01/23,3402.797796,3415.70496,3359.617465,3388.623291,306275
19/01/23,3379.283017,3406.505398,3353.04632,3356.75415,226186
20/01/23,3363.418928,3366.751369,3333.568135,3353.750244,191361
23/01/23,3363.841672,3404.675247,3352.107887,3401.436768,173482
24/01/23,3403.736313,3469.53947,3390.078142,3460.527832,212778
25/01/23,3462.874866,3510.748712,3448.512666,3489.533936,375571
27/01/23,3614.006004,3750.117918,3595.231946,3695.438477,2375899
30/01/23,3698.489108,3706.890452,3584.765353,3605.698242,654472
31/01/23,3640.289396,3640.289396,3568.009281,3584.201904,359118
01/02/23,3594.715342,3648.17442,3529.616442,3577.677979,328212
02/02/23,3566.131855,3622.547984,3510.748391,3558.340576,309024
03/02/23,3552.990236,3621.515543,3538.158685,3616.399658,242350
06/02/23,3610.767395,3632.498273,3570.919506,3613.161133,205412
07/02/23,3635.596047,3656.24751,3584.155087,3641.650635,246673
08/02/23,3659.861714,3659.861714,3600.394797,3642.44873,309039
09/02/23,3642.072967,3652.023308,3597.343869,3610.016357,249061
10/02/23,3609.312047,3613.019877,3567.164385,3596.780273,170034
13/02/23,3614.803837,3672.768736,3589.599575,3645.452393,372862
14/02/23,3656.200269,3667.464702,3625.786391,3638.505859,251160
15/02/23,3629.588523,3672.111578,3614.005964,3666.01001,214072
16/02/23,3670.327972,3689.99375,3653.431322,3667.136475,166844
17/02/23,3651.553864,3679.714948,3634.657214,3655.590332,167844
20/02/23,3656.200689,3693.748803,3654.698902,3664.508301,169828
21/02/23,3686.285772,3686.285772,3590.256433,3601.896484,177954
22/02/23,3601.896686,3651.78865,3581.104281,3605.275879,477992
23/02/23,3611.658992,3635.361237,3581.338846,3597.015137,299446
24/02/23,3598.564106,3637.379329,3598.564106,3613.95874,263732
27/02/23,3567.023988,3567.023988,3403.783647,3416.737793,822866
28/02/23,3423.449274,3513.564747,3403.361125,3436.778809,723245
01/03/23,3445.039221,3518.586676,3413.968067,3502.910156,432887
02/03/23,3502.347175,3527.035105,3454.426351,3487.515625,276614
03/03/23,3492.021561,3518.258259,3470.806785,3503.239014,281411
06/03/23,3493.570062,3542.664263,3490.237621,3494.837402,186747
08/03/23,3495.541453,3583.779514,3483.572993,3577.583984,478922
09/03/23,3577.583858,3603.445164,3568.009136,3579.74292,295897
10/03/23,3595.231758,3609.68769,3565.193268,3587.628174,530973
13/03/23,3588.614074,3602.741598,3537.314054,3546.841797,247745
14/03/23,3546.841569,3561.860813,3506.899718,3522.857666,278919
15/03/23,3543.509238,3555.336985,3492.490876,3501.361572,317890
16/03/23,3511.64016,3577.396337,3511.64016,3567.258301,377544
17/03/23,3583.779618,3593.307359,3559.60802,3580.587891,396793
20/03/23,3557.683375,3599.878017,3553.083823,3571.763916,331370
21/03/23,3573.172231,3681.592405,3564.019879,3666.291504,803886
22/03/23,3681.357507,3703.651698,3650.239603,3683.422607,311063
23/03/23,3663.287606,3672.580672,3616.868799,3626.161865,256313
24/03/23,3609.40637,3644.889154,3578.335215,3593.260498,281359
27/03/23,3599.878325,3608.655288,3567.070707,3574.157959,198811
28/03/23,3586.783563,3598.799005,3538.487347,3559.185791,144400
29/03/23,3576.926968,3655.308651,3567.211303,3641.509766,429300
31/03/23,3638.083445,3668.309859,3623.392838,3646.625732,248433
03/04/23,3665.446767,3750.117714,3649.864209,3748.944336,497915
05/04/23,3749.17914,3780.109353,3717.310225,3776.542236,584697
06/04/23,3781.094979,3815.826984,3773.632338,3786.351807,321813
10/04/23,3787.712892,3822.397916,3783.066359,3812.635498,218632
11/04/23,3829.907593,3927.110089,3821.036897,3921.337158,685931
12/04/23,3921.337056,4043.32167,3914.860098,4023.280273,992142
13/04/23,4008.260797,4042.007344,3998.920521,4025.486084,371608
17/04/23,4046.747981,4046.747981,3962.311477,3993.570557,718984
18/04/23,3993.476244,4004.599963,3919.130801,3951.234619,235015
19/04/23,3927.626613,4033.512109,3923.824591,4004.318359,406755
20/04/23,4003.567261,4065.052292,3991.410877,4049.892334,409146
21/04/23,4058.012249,4071.154089,4020.510889,4044.213135,237639
24/04/23,4044.213285,4088.004139,4020.182859,4066.554688,279716
25/04/23,4073.970261,4106.82486,4051.535355,4076.36377,367525
26/04/23,4078.663481,4095.231493,4018.586505,4035.483154,964051
27/04/23,4036.421923,4151.459764,4030.789706,4137.989746,667011
28/04/23,4127.80497,4167.559127,4120.952165,4160.28418,457064
02/05/23,4167.794125,4230.264619,4152.868382,4222.285645,522701
03/05/23,4209.61284,4214.728953,4163.14705,4175.209473,351550
04/05/23,4174.223339,4196.001427,4165.258911,4184.455566,191019
05/05/23,4189.524414,4228.198693,4156.012542,4189.524414,180033
08/05/23,4200.695355,4278.607693,4191.49625,4270.394043,365732
09/05/23,4292.547063,4296.442587,4242.607892,4251.244141,329083
10/05/23,4275.791154,4295.973264,4251.71352,4276.683105,229527
11/05/23,4312.400757,4312.400757,4257.111252,4269.126465,293197
12/05/23,4266.404402,4345.114726,4240.120722,4260.678223,620213
15/05/23,4288.932782,4326.011539,4263.63456,4284.755371,534604
16/05/23,4302.544451,4313.339533,4252.323849,4260.162109,321308
17/05/23,4271.097499,4318.032636,4232.610686,4251.713379,346510
18/05/23,4261.664079,4292.171921,4236.60053,4241.669434,194233
19/05/23,4256.078497,4271.238456,4190.416053,4208.392578,398571
22/05/23,4219.422685,4286.727406,4219.422685,4245.987793,368479
23/05/23,4256.970194,4274.288985,4215.807987,4222.378906,239196
24/05/23,4229.372438,4273.163292,4216.699949,4240.684082,395343
25/05/23,4229.465836,4366.281758,4228.480381,4359.335449,1016606
26/05/23,4329.625949,4378.62596,4323.00782,4333.005371,484972
29/05/23,4374.308341,4377.311915,4325.636508,4335.398926,301343
30/05/23,4332.207287,4351.216018,4305.54822,4310.429199,229574
31/05/23,4308.458306,4345.20889,4273.585586,4287.196777,719613
01/06/23,4305.829779,4383.554188,4287.290398,4358.960449,698733
02/06/23,4387.684937,4418.474206,4362.386712,4382.897461,606833
05/06/23,4400.638701,4427.81433,4382.803348,4421.336914,234925
06/06/23,4428.330296,4454.09787,4421.336777,4436.543945,353149
07/06/23,4446.588128,4494.414758,4446.588128,4487.703125,239491
08/06/23,4506.571713,4533.840848,4483.995634,4506.383789,295499
09/06/23,4506.383311,4526.236783,4444.757567,4452.642578,208197
12/06/23,4458.791521,4496.386385,4443.208963,4477.283691,137778
13/06/23,4477.612419,4501.07999,4455.506151,4464.423828,247078
14/06/23,4459.870749,4476.157333,4423.16738,4440.251953,191238
15/06/23,4451.235019,4472.590509,4414.250218,4432.132324,178304
16/06/23,4407.209621,4425.749001,4336.806911,4357.411621,658995
19/06/23,4360.274014,4369.661041,4305.50062,4315.544922,193043
20/06/23,4303.952307,4383.742044,4288.979814,4376.232422,453523
21/06/23,4391.251852,4415.329488,4352.765036,4365.108887,274821
22/06/23,4378.156941,4382.803703,4319.535221,4329.391602,180102
23/06/23,4330.330369,4369.661929,4323.102174,4339.248047,348409
26/06/23,4341.265702,4372.430818,4318.548911,4324.509766,298624
27/06/23,4349.855095,4391.862048,4327.420188,4334.976563,444793
28/06/23,4346.194228,4449.451543,4336.901162,4427.204102,769406
30/06/23,4484.959225,4580.733808,4483.991805,4538.699219,587936
03/07/23,4532.556505,4535.265092,4438.571271,4460.435059,457367
04/07/23,4461.692587,4522.494552,4461.692587,4474.704102,286373
05/07/23,4496.519932,4740.357951,4482.056814,4730.731934,891033
06/07/23,4730.683723,4777.119882,4674.573364,4757.481445,888595
07/07/23,4716.656231,4753.0795,4663.496313,4676.508301,405959
10/07/23,4691.019118,4789.695949,4687.197621,4738.374512,659388
11/07/23,4777.603418,4793.033955,4745.194849,4757.432617,400593
12/07/23,4768.413146,4786.310415,4708.433106,4719.510254,295827
13/07/23,4760.673447,4827.425422,4691.841614,4707.900879,501038
14/07/23,4735.472806,4746.452645,4691.987087,4701.274414,419873
17/07/23,4724.830763,4746.549057,4664.028326,4675.685547,250127
18/07/23,4687.681745,4832.359688,4672.638553,4702.241699,270028
19/07/23,4721.976745,4749.209522,4661.222962,4666.495117,247325
20/07/23,4670.703456,4729.716072,4626.250321,4710.077637,450566
21/07/23,4684.344005,4720.428578,4677.717084,4704.272949,367833
24/07/23,4703.595957,4758.738896,4693.099356,4723.669922,288534
25/07/23,4725.362782,4749.935154,4621.703828,4690.971191,743269
26/07/23,4730.683378,4743.743547,4683.23162,4711.770508,387130
27/07/23,4739.390752,4748.097532,4667.124286,4692.95459,321326
28/07/23,4696.823803,4740.3577,4672.299613,4733.102051,255158
31/07/23,4736.00458,4777.506803,4707.513872,4770.734863,325463
01/08/23,4780.747719,4816.445422,4739.535533,4763.527832,391794
02/08/23,4753.321469,4777.071915,4664.173808,4674.67041,249850
03/08/23,4679.410176,4753.562819,4649.420158,4669.058594,418377
04/08/23,4672.638967,4705.724923,4546.874358,4558.483398,451353
07/08/23,4589.004958,4589.004958,4513.014306,4517.948242,436583
08/08/23,4517.948167,4544.93909,4486.023307,4498.647949,487053
09/08/23,4498.98677,4537.006187,4465.707616,4514.513672,282034
10/08/23,4517.851283,4555.000116,4477.993392,4485.539551,330123
11/08/23,4485.539304,4498.502636,4432.331208,4449.212402,274197
14/08/23,4426.913903,4482.734226,4393.054203,4466.288086,154258
16/08/23,4427.881197,4464.643155,4411.193202,4450.712402,188763
17/08/23,4426.962411,4516.352403,4426.962411,4506.097656,311184
18/08/23,4498.067574,4498.067574,4445.585038,4465.175293,243546
21/08/23,4453.034564,4479.106724,4443.166691,4460.628906,118491
22/08/23,4467.49719,4485.490824,4451.727961,4477.606445,96290
23/08/23,4488.828867,4514.320479,4468.513046,4508.902832,263771
24/08/23,4536.232569,4573.091367,4425.414792,4479.299805,433867
25/08/23,4473.349787,4495.503609,4420.867256,4434.701172,293384
28/08/23,4437.071685,4469.480254,4436.587975,4450.567383,283469
29/08/23,4464.643143,4518.818661,4455.017125,4512.578613,320941
30/08/23,4536.184174,4566.996123,4509.725143,4522.688477,370694
31/08/23,4522.688718,4549.824661,4452.260727,4463.482422,479472
01/09/23,4471.802077,4545.906543,4468.512943,4516.352051,456071
04/09/23,4530.427588,4536.618981,4471.801845,4486.071289,328037
05/09/23,4487.86129,4580.733608,4484.330301,4548.421875,353620
06/09/23,4548.325183,4556.548253,4514.659156,4531.20166,224928
07/09/23,4526.558524,4571.059848,4503.340443,4563.51416,319934
08/09/23,4563.513542,4628.717551,4549.485953,4604.483398,209769
11/09/23,4623.300402,4653.290424,4607.821682,4649.807617,151600
12/09/23,4686.133783,4691.841465,4607.43408,4663.544434,305478
13/09/23,4662.964511,4685.215172,4643.857966,4651.645508,207142
14/09/23,4658.078945,4699.726185,4631.57126,4686.666016,249498
15/09/23,4735.423906,4981.245414,4733.585902,4963.348145,1689829
18/09/23,4957.060061,5103.043644,4928.279316,5007.994629,804973
20/09/23,5007.366086,5091.87032,4997.788722,5014.089844,622924
21/09/23,4999.626602,5016.604634,4907.818537,4919.524414,640829
22/09/23,4886.438049,4918.507925,4833.423626,4838.115234,498375
25/09/23,4837.100418,4895.290642,4830.183459,4842.373047,539731
26/09/23,4847.74138,4936.695834,4837.244779,4904.04541,450923
27/09/23,4900.175857,4902.448916,4854.513445,4868.976563,257406
28/09/23,4883.342774,4961.752454,4817.896902,4843.485352,580065
29/09/23,4865.155433,4916.912406,4841.840515,4898.725098,248079
03/10/23,4899.982211,4907.721571,4834.294489,4853.01416,464531
04/10/23,4847.983418,4855.674596,4743.308387,4758.352051,256544
05/10/23,4774.217453,4875.119164,4764.64009,4847.789551,657876
06/10/23,4953.190088,4953.190088,4834.681146,4851.224121,279352
09/10/23,4795.549253,4903.562077,4795.549253,4844.162109,244083
10/10/23,4844.161659,4899.014558,4839.228195,4873.37793,307502
11/10/23,4890.307714,4929.004511,4885.470615,4899.401367,575680
12/10/23,4919.330198,4983.179912,4886.534758,4940.226563,472168
13/10/23,4924.119383,4956.527952,4875.796568,4887.79248,387366
16/10/23,4870.959667,4933.26142,4868.057407,4911.30127,158560
17/10/23,4917.395832,4982.212972,4904.819372,4973.748047,318565
18/10/23,4982.212866,5029.37459,4958.656095,4969.975098,360985
19/10/23,5127.326062,5315.972964,5074.117962,5303.977051,2838352
20/10/23,5272.439078,5330.484279,5259.765782,5310.458496,763919
23/10/23,5275.389461,5314.424952,5219.279101,5229.291992,451167
25/10/23,5209.556393,5247.237589,5158.573174,5173.084473,620266
26/10/23,5160.073279,5173.230285,5065.411137,5088.000488,746266
27/10/23,5093.466241,5246.995983,5093.466241,5198.479492,843465
30/10/23,5212.458557,5221.890902,5103.140106,5135.935547,360967
31/10/23,5166.022706,5191.320644,5120.167094,5140.917969,400987
01/11/23,5132.162887,5271.955071,5132.162887,5170.230957,619765
02/11/23,5208.492475,5217.151073,5112.814731,5145.126465,304362
03/11/23,5182.468927,5201.865509,5143.385254,5194.029785,448715
06/11/23,5204.719503,5250.671952,5201.91408,5230.694824,394137
07/11/23,5230.69516,5267.60214,5229.195375,5242.449219,202689
08/11/23,5256.960086,5258.169361,5205.928683,5221.746094,202145
09/11/23,5245.157474,5277.276007,5206.799366,5242.352051,232773
10/11/23,5233.694149,5250.236654,5174.777892,5216.376953,149325
13/11/23,5257.927304,5262.57073,5219.762399,5248.446777,93497
15/11/23,5344.99545,5374.01805,5283.177407,5356.314453,640468
16/11/23,5340.158573,5401.396072,5317.859731,5370.051758,324712
17/11/23,5375.855769,5490.059976,5300.832541,5448.025391,531539
20/11/23,5427.274236,5491.02759,5423.356374,5466.067871,679425
21/11/23,5456.732234,5521.404353,5456.248524,5500.70166,746193
22/11/23,5494.945354,5577.079213,5476.854411,5564.164063,497403
23/11/23,5611.035729,5751.311622,5594.686426,5732.205078,1118718
24/11/23,5746.474984,5765.823384,5707.778182,5737.09082,297211
28/11/23,5775.304016,5842.878401,5719.387326,5802.730469,380535
29/11/23,5814.193903,5897.778892,5778.689402,5872.190918,406974
30/11/23,5896.424837,5929.22028,5834.509957,5892.119629,501833
01/12/23,5852.891322,5891.588125,5807.712617,5849.069824,439023
04/12/23,5892.119813,6015.127646,5889.121189,5999.648926,359158
05/12/23,5992.24769,5992.24769,5912.000484,5940.055664,565826
06/12/23,5890.668261,5897.392019,5792.765646,5872.190918,699201
07/12/23,5872.191412,5953.938404,5865.56449,5895.070801,427407
08/12/23,5915.773323,5920.610423,5851.004365,5877.753906,233266
11/12/23,5886.750513,5944.795711,5822.223412,5938.410645,175955
12/12/23,5963.177002,6094.697942,5949.58494,6050.438477,810900
13/12/23,6055.952098,6122.800912,6021.560508,6110.321289,373989
14/12/23,6118.931268,6152.790967,6079.460723,6128.460449,419212
15/12/23,6161.449527,6193.519404,6052.324273,6070.753906,553522
18/12/23,6070.753863,6275.411364,6058.128749,6255.047363,851061
19/12/23,6259.20707,6259.448925,6187.521157,6209.868652,377109
20/12/23,6224.380555,6255.337996,6143.117271,6157.09668,385863
21/12/23,6126.864763,6138.28013,6028.961666,6042.844238,397717
22/12/23,6083.136472,6186.650404,6060.160249,6164.496582,237213
26/12/23,6171.994382,6264.044298,6162.513383,6253.93457,302139
27/12/23,6259.207215,6520.652462,6254.563788,6491.049316,1017894
28/12/23,6491.049461,6519.104641,6448.821673,6484.90625,406228
29/12/23,6510.688235,6611.299912,6448.821539,6575.79541,345626
01/01/24,6549.432971,6574.10218,6464.348199,6482.777832,253274
02/01/24,6492.355481,6517.314727,6347.194302,6447.902344,361379
03/01/24,6427.586248,6829.839741,6388.841268,6758.879395,1256275
04/01/24,6796.125709,6799.947207,6662.621745,6696.626465,619987
05/01/24,6723.568668,6853.202942,6695.029779,6751.140137,659306
08/01/24,6790.272453,6820.165635,6734.693988,6756.315918,312733
09/01/24,7101.829837,7157.940194,6845.366714,6862.780273,2125908
10/01/24,6892.867641,6907.33076,6791.288539,6823.938965,721432
11/01/24,6859.007471,7086.254323,6844.496172,7061.053223,1031594
12/01/24,7120.211277,7121.130515,7015.729916,7064.052734,434753
15/01/24,7064.052734,7064.052734,7064.052734,7064.052734,0
16/01/24,7099.895068,7116.486226,7007.990172,7056.312988,272181
17/01/24,6880.291386,6975.098551,6850.301365,6932.483887,619338
18/01/24,6915.11816,6955.024235,6840.771838,6852.816406,557084
19/01/24,6906.217711,6946.075604,6873.519104,6904.041016,327976
23/01/24,6844.496349,6975.098046,6710.556864,6864.715332,953921
24/01/24,6844.593363,7001.218567,6799.22146,6977.855469,467134
25/01/24,7120.210904,7376.722212,6975.09791,7349.973145,2065788
29/01/24,7346.587436,7391.088756,7236.301557,7302.859863,457853
30/01/24,7328.109789,7410.437327,7297.877913,7319.886719,266287
31/01/24,7319.88677,7435.590299,7270.258312,7417.741211,336874
01/02/24,7429.785619,7512.016319,7387.55783,7406.325684,394564
02/02/24,7424.948225,7543.45717,7415.854572,7486.089355,197720
05/02/24,7545.875924,7582.637884,7384.800496,7408.744141,252401
06/02/24,7424.948368,7495.27999,7420.691814,7468.869141,131992
07/02/24,7492.668065,7524.399253,7415.85501,7450.972168,159783
08/02/24,7477.188941,7529.865147,7418.321341,7504.518555,282537
09/02/24,7525.366552,7536.685555,7419.144024,7531.219727,173555
12/02/24,7521.690667,7617.658922,7513.032069,7574.850586,219911
13/02/24,7574.898757,7676.622877,7557.437014,7659.451172,258767
14/02/24,7641.650486,7871.751425,7623.269506,7819.945801,513900
15/02/24,7856.030495,7891.099468,7783.18349,7858.400391,394525
16/02/24,7919.155241,8179.971772,7871.993515,8053.819824,938756
19/02/24,8126.327939,8368.182938,8088.694924,8232.454102,1044959
20/02/24,8227.906905,8227.906905,7970.283154,8024.942383,547082
21/02/24,8029.585671,8103.931517,7937.680775,7964.042969,439817
22/02/24,7990.888835,8271.440622,7952.192037,8221.570313,548486
23/02/24,8220.65131,8253.059879,8127.343463,8162.074219,340749
26/02/24,8183.212596,8269.458472,8102.142984,8172.764648,345968
27/02/24,8184.373307,8213.395908,8110.365676,8187.759277,392445
28/02/24,8194.046979,8210.154899,7808.86882,7921.863281,537728
29/02/24,7736.844717,7878.184876,7632.943902,7651.663574,1042536
01/03/24,7695.826098,7830.297478,7686.441935,7778.10498,399007
04/03/24,7805.869913,7957.029284,7784.489837,7939.905762,410053
05/03/24,7894.195301,8114.718877,7894.195301,8079.649902,615117
06/03/24,8097.015367,8398.318515,8091.500884,8325.422852,959543
07/03/24,8356.574102,8680.514316,8223.118322,8589.770508,1243547
11/03/24,8729.465397,8730.964709,8348.833844,8377.276367,631957
12/03/24,8355.558805,8416.506268,8199.126793,8249.868164,324864
13/03/24,8249.868096,8336.45219,8026.635921,8111.720703,430048
14/03/24,8059.092618,8126.328311,7934.827326,8110.414063,392634
15/03/24,8111.622921,8157.381697,7845.776097,8078.634277,676870
18/03/24,8071.184681,8268.683842,8023.974776,8244.15918,367524
19/03/24,8223.069681,8404.84827,8167.491215,8358.702148,673456
20/03/24,8358.508979,8497.817462,8283.050217,8354.251953,790885
21/03/24,8327.744845,8484.273208,8305.300512,8465.504883,720691
22/03/24,8416.601911,8755.150718,8399.14017,8653.813477,851210
26/03/24,8653.812922,8726.12756,8562.681778,8668.614258,534067
27/03/24,8667.11539,8985.202883,8635.867915,8863.985352,1034030
28/03/24,8863.985615,8942.442997,8687.479649,8850.103516,847202
01/04/24,8895.233722,8911.48619,8719.453309,8747.557617,419820
02/04/24,8851.892512,9053.067679,8841.734602,8973.883789,803845
03/04/24,8947.61965,8947.61965,8769.85622,8784.609375,453210
04/04/24,8841.251514,8882.60872,8695.219274,8848.168945,617929
05/04/24,8832.543826,8832.543826,8707.262947,8715.969727,356305
08/04/24,8754.183402,8793.847622,8659.666281,8736.286133,376197
09/04/24,8793.848152,8835.157177,8645.252812,8686.368164,237944
10/04/24,8740.44645,8754.957751,8611.344056,8712.149414,319824
12/04/24,8657.489557,8821.902771,8639.060396,8769.516602,480474
15/04/24,8763.954002,8878.690579,8653.57176,8703.925781,386707
16/04/24,8656.474142,8735.27069,8497.913627,8628.564453,487529
18/04/24,8675.726082,8831.577064,8658.408886,8727.385742,819240
19/04/24,8779.384707,8793.847825,8416.602206,8517.649414,1385007
22/04/24,8594.559386,8594.559386,8460.088005,8509.18457,323734
23/04/24,8556.829674,8572.792103,8475.566396,8509.232422,295346
24/04/24,8532.547978,8580.047922,8397.205543,8413.748047,319824
25/04/24,8413.651787,8484.273447,8359.863612,8450.317383,524667
26/04/24,8462.312655,8701.894593,8449.978051,8681.916992,521344
29/04/24,8681.916859,8696.911869,8444.608929,8474.695313,299443
30/04/24,8512.715802,8673.887594,8508.458777,8613.569336,360403
02/05/24,8652.604278,8848.458642,8538.545085,8813.825195,638239
03/05/24,8871.241681,8956.954718,8769.033377,8808.939453,396042
06/05/24,8822.870835,8886.478703,8523.502513,8757.618164,458431
07/05/24,8760.134017,8779.288745,8360.975939,8395.174805,588285
08/05/24,8369.151188,8499.1237,8312.84715,8464.345703,451581
09/05/24,8513.295892,8713.987358,8500.090231,8558.619141,645689
10/05/24,8658.409084,8753.168063,8616.326314,8689.172852,482797
13/05/24,8728.933695,8730.964899,8581.498519,8699.330078,435605
14/05/24,8660.585835,8792.880522,8593.350144,8769.904297,408162
15/05/24,8773.531175,8827.70669,8588.124771,8613.084961,274392
16/05/24,8658.408938,8663.77793,8426.22814,8582.804688,680474
17/05/24,8601.331237,8666.486596,8479.920027,8494.625,323961
21/05/24,8489.110009,8571.340704,8489.110009,8533.321289,417798
22/05/24,8561.667047,8561.667047,8451.381167,8518.665039,302838
23/05/24,8561.666912,8692.26861,8466.086006,8671.420898,731514
24/05/24,8687.430756,8729.997232,8581.110931,8656.666992,455920
27/05/24,8708.714758,8773.967425,8592.334322,8705.522461,301747
28/05/24,8705.521879,8728.304429,8625.709735,8696.863281,259094
29/05/24,8658.408319,8841.686213,8612.697728,8774.692383,339934
30/05/24,8772.564935,8831.481193,8636.738783,8676.306641,305109
31/05/24,8697.105513,8828.190918,8632.288375,8788.768555,560005
03/06/24,8880.916121,9136.315016,8825.33765,9031.301758,438422
04/06/24,8926.384665,9067.482499,8521.03567,8945.491211,738601
05/06/24,8939.927747,9363.657684,8877.04545,9289.408203,489543
06/06/24,9282.684942,9422.670805,9145.988685,9385.376953,570095
07/06/24,9329.411148,9422.767178,9301.743314,9408.691406,246783
10/06/24,9460.399423,9600.675312,9366.075981,9415.946289,201452
11/06/24,9422.671303,9577.458511,9384.070865,9493.00293,457442
12/06/24,9532.956482,9620.02428,9476.556086,9581.569336,277175
13/06/24,9581.327378,9616.154497,9505.143055,9600.095703,277783
14/06/24,9583.125908,9747.948651,9570.495809,9715.520508,320933
18/06/24,9676.752758,9790.665561,9663.098803,9673.046875,206100
19/06/24,9693.819975,9702.109876,9430.981353,9446.390625,279789
20/06/24,9452.437848,9495.25313,9328.576972,9393.920898,324597
21/06/24,9435.858051,9488.474731,9334.52582,9364.90625,334018
24/06/24,9343.206632,9517.733631,9275.47307,9504.37207,283754
25/06/24,9513.881078,9582.150855,9406.6,9421.180664,282048
26/06/24,9421.132025,9421.521566,9208.129941,9240.460938,431217
27/06/24,9328.235594,9328.235594,9134.154388,9184.673828,637626
28/06/24,9231.048486,9288.297757,9150.343862,9266.792969,237516
01/07/24,9270.060082,9454.339899,9270.060082,9296.783203,289355
02/07/24,9284.688813,9296.782696,9149.221701,9168.874023,287884
03/07/24,9239.826148,9318.775454,9152.635514,9189.501953,318120
04/07/24,9245.58087,9264.208385,9187.502036,9227.000977,234656
05/07/24,9286.639995,9421.22898,9258.649196,9397.626953,608628
08/07/24,9401.723285,9427.227304,9235.92526,9293.857422,316215
09/07/24,9328.57704,9328.57704,9246.848557,9298.44043,262913
10/07/24,9313.948154,9411.476406,9218.321892,9306.584961,239607
11/07/24,9306.584209,9332.965409,9151.075232,9232.803711,294900
12/07/24,9265.135248,9318.190045,9179.358961,9197.645508,171581
15/07/24,9197.644907,9497.788079,9171.507528,9434.248047,504086
16/07/24,9474.868927,9665.00043,9395.530081,9478.135742,1041123
18/07/24,9504.12802,9504.12802,9061.837403,9388.264648,1055384
19/07/24,9396.846565,9435.857864,9109.138238,9154.049805,380782
22/07/24,9118.891653,9201.790668,9034.23732,9177.116211,247040
23/07/24,9201.790221,9272.985842,8528.454814,9150.587891,431989
24/07/24,9128.64453,9141.030809,9021.363451,9031.311523,283213
25/07/24,9031.116133,9079.831685,8944.315989,9048.915039,262328
26/07/24,9088.657755,9270.060303,9039.357415,9258.259766,250956
29/07/24,9313.167852,9383.241519,9273.961305,9321.40918,302363
30/07/24,9314.581775,9415.376836,9276.886727,9327.942383,301885
31/07/24,9362.711869,9440.734468,9343.254793,9425.325195,315292
01/08/24,9600.680891,9600.680891,9423.179477,9489.986328,308658
02/08/24,9474.674192,9489.498676,9344.913046,9378.511719,230615
05/08/24,9163.949075,9284.688851,9137.713596,9250.602539,310757
06/08/24,9280.057096,9382.217941,9167.655784,9194.378906,246541
07/08/24,9333.453079,9484.621859,9262.745101,9468.237305,270583
08/08/24,9494.375374,9536.020128,9372.611732,9402.991211,365016
09/08/24,9519.732708,9533.386663,9376.366177,9524.560547,161640
12/08/24,9500.226436,9509.930687,9377.340846,9470.821289,307698
13/08/24,9460.240397,9547.86915,9411.476271,9432.541992,161706
14/08/24,9464.141755,9543.139641,9432.54222,9508.614258,282934
16/08/24,9546.065309,9679.679014,9454.340178,9643.740234,240190
19/08/24,9681.580999,9698.209375,9518.074503,9529.144531,148301
20/08/24,9530.656084,9632.524534,9513.929608,9537.970703,132844
21/08/24,9537.384922,9625.063201,9494.375343,9608.483398,134985
22/08/24,9655.296306,9763.552659,9597.851789,9669.145508,388874
23/08/24,9723.566288,10186.19115,9684.554989,10149.22852,1229549
26/08/24,10118.65342,10257.19307,10084.08042,10174.68359,309223
27/08/24,10143.91333,10307.22457,10094.17392,10242.02637,262396
28/08/24,10240.46626,10450.152,10202.72264,10393.3418,338792
29/08/24,10320.48747,10581.81459,10294.49676,10540.70605,693506
30/08/24,10567.18586,10651.40112,10440.39913,10622.33789,498560
02/09/24,10655.9362,10878.39775,10642.42892,10851.08984,787108
03/09/24,10831.43862,10843.87347,10742.73649,10770.67871,217394
04/09/24,10739.81103,10757.21944,10639.25979,10692.70508,324246
05/09/24,10692.99718,10743.5652,10557.96913,10587.42285,297298
06/09/24,10587.42263,10644.18426,10529.39332,10562.40625,216847
09/09/24,10562.40619,10632.91987,10513.54492,10579.47363,193055
10/09/24,10526.61439,10762.92514,10513.59379,10716.16016,466892
11/09/24,10794.18233,11217.01584,10715.03777,11138.45703,1283385
12/09/24,11196.97478,11488.09661,11160.49883,11433.72461,1409151
13/09/24,11433.72412,11599.96121,11399.49209,11447.03711,417878
16/09/24,11443.96441,11461.32425,11352.33643,11399.44238,172602
17/09/24,11391.29931,11676.9104,11355.311,11654.91797,444755
18/09/24,11547.83222,11756.05503,11449.81633,11473.85742,446416
19/09/24,11519.25649,11742.64475,11519.25649,11574.65234,500633
20/09/24,11630.24384,11718.01927,11574.89656,11646.53125,772831
23/09/24,11703.38973,12073.99707,11703.38973,12033.96191,735579
24/09/24,11928.24095,12169.08715,11928.24095,12136.07422,503848
25/09/24,12083.75049,12123.44468,12005.72789,12090.82129,262012
26/09/24,12152.02001,12363.16867,12084.77409,12309.6748,641805
27/09/24,12309.67447,12458.25837,12241.35517,12353.31836,480852
30/09/24,12243.3059,12338.44547,11978.07859,12040.78906,479000
01/10/24,12107.40059,12191.03107,11812.71861,11856.94824,670828
03/10/24,11442.01405,11721.77345,11410.80501,11514.62402,670365
04/10/24,11372.96405,11652.96726,11351.31258,11483.36621,650553
07/10/24,11483.36654,11524.9132,11240.13071,11329.90527,341323
08/10/24,11298.64745,11641.80021,11276.4112,11595.23047,359432
09/10/24,11648.7738,11692.46626,11510.28368,11525.98535,193883
10/10/24,11529.30153,11733.57463,11511.35595,11539.54199,251378
11/10/24,11596.10908,11635.7547,11416.26661,11583.38184,200855
14/10/24,11633.94954,11693.73417,11568.41037,11605.17871,177045
15/10/24,11654.62533,11654.62533,11183.5639,11236.7168,476945
16/10/24,11252.7127,11391.29997,11099.83716,11329.80859,504602
17/10/24,10944.815,11008.35408,9822.06964,9869.322266,3668914
18/10/24,9801.149887,9898.239068,9597.852063,9815.194336,1543331
21/10/24,9814.267999,10562.16302,9637.157074,10240.9541,2110278
22/10/24,10240.95428,10352.57556,10064.91578,10112.07031,1191148
23/10/24,10111.72921,10469.75505,10086.81094,10325.07227,1323887
24/10/24,10244.36707,10331.60628,9957.634028,10047.84766,653421
25/10/24,10045.40948,10111.92394,9679.678556,9953.830078,644769
28/10/24,9953.830288,10038.3389,9738.19571,9763.796875,340768
29/10/24,9824.947427,9824.947427,9401.723392,9607.361328,1100706
30/10/24,9577.274168,9809.147583,9528.510043,9694.942383,604822
31/10/24,9694.307882,9782.961441,9562.644747,9593.170898,361801
01/11/24,9660.172585,9704.060295,9595.608697,9631.84082,53757
04/11/24,9651.882778,9651.882778,9133.520155,9290.101563,1125992
05/11/24,9294.441804,9759.94393,9265.378577,9630.767578,1019901
06/11/24,9639.107509,9805.490323,9605.362162,9772.818359,514045
07/11/24,9821.679482,9830.652271,9547.967022,9613.018555,473407
08/11/24,9613.018993,9744.096395,9535.581179,9665.44043,273163
11/11/24,9606.581083,9784.912057,9557.768385,9674.167969,359768
12/11/24,9655.296621,9751.849587,9423.179389,9439.466797,316606
13/11/24,9439.466655,9469.992806,9183.356906,9218.516602,494123
14/11/24,9177.408613,9281.71527,9167.655788,9248.555664,275791
18/11/24,9225.245224,9365.637322,9202.61848,9281.275391,292519
19/11/24,9323.700255,9458.874022,9265.622375,9309.753906,365397
21/11/24,9239.339147,9317.849391,9181.650804,9270.060547,282212
22/11/24,9309.071854,9365.541094,9210.665465,9247.288086,619823
25/11/24,9323.700732,9398.16317,9159.853272,9188.087891,1090141
26/11/24,9231.048299,9249.578666,8894.673005,8911.594727,750430
27/11/24,8948.217294,9028.141889,8877.996951,8963.1875,461513
28/11/24,8938.561433,9043.210009,8769.984231,8790.708984,687966
29/11/24,8835.181506,8866.196252,8770.715713,8810.361328,423101
02/12/24,8854.394301,8948.216665,8833.08476,8904.669922,298320
03/12/24,8879.946919,8997.02939,8879.946919,8935.342773,398985
04/12/24,8935.342994,9011.610276,8729.753634,8776.713867,456462
05/12/24,8820.601267,8820.601267,8530.308061,8672.163086,1803653
06/12/24,8732.582387,8922.811049,8709.369902,8874.973633,746013
09/12/24,8871.169424,8944.31561,8803.290145,8853.078125,304202
10/12/24,8850.785941,8870.097296,8758.036955,8790.513672,393944
11/12/24,8821.478225,8883.262939,8790.854928,8845.665039,254311
12/12/24,8870.194646,8870.194646,8722.926983,8741.701172,599056
13/12/24,8742.579139,8827.282044,8683.671694,8798.414063,243931
16/12/24,8839.960292,8854.345709,8748.28374,8775.932617,228470
17/12/24,8767.594284,8767.789531,8632.61576,8675.137695,456493
18/12/24,8606.867862,8783.637811,8582.4858,8735.361328,303382
19/12/24,8604.917832,8780.468689,8545.961812,8760.62207,516640
20/12/24,8728.778001,8842.642228,8542.889546,8570.050781,316335
23/12/24,8631.201342,8655.583404,8504.366047,8551.71582,514460
24/12/24,8528.84523,8635.151019,8515.191275,8561.078125,297827
26/12/24,8592.239045,8678.698222,8580.145161,8659.045898,240675
27/12/24,8676.356645,8952.264436,8676.356645,8707.614258,713799
30/12/24,8707.321763,8740.920434,8521.579029,8562.882813,1065253
31/12/24,8553.227419,8621.253373,8524.115618,8581.120117,294554
01/01/25,8537.671196,8550.301294,8339.640284,8524.504883,558535
02/01/25,8524.456393,8882.189811,8463.062171,8855.077148,734590
03/01/25,8875.071074,8884.775326,8723.902281,8744.09082,337802
06/01/25,8782.370326,8869.121894,8577.609575,8605.746094,238306
07/01/25,8650.755806,8668.262317,8519.189815,8592.53125,270785
08/01/25,8559.078793,8612.670755,8399.132471,8428.634766,415288
09/01/25,8504.414552,8678.063405,8477.252364,8617.449219,612457
10/01/25,8614.134255,8636.126686,8428.488657,8547.375977,350859
13/01/25,8489.346795,8533.625003,8339.640926,8383.772461,341577
14/01/25,8406.934834,8483.006866,8314.283,8398.352539,355464
15/01/25,8410.739482,8581.511074,8349.686224,8365.973633,347402
16/01/25,8407.910765,8426.343985,8338.37331,8369.826172,290855
17/01/25,8354.122659,8452.382364,8320.426841,8369.289063,183057
20/01/25,8387.429427,8396.791758,8253.523332,8333.204102,294136
21/01/25,8370.313575,8396.011888,8204.173627,8259.228516,343149
22/01/25,8271.175827,8323.987756,8187.496777,8251.71875,344305
23/01/25,8230.555482,8292.046852,8168.625045,8192.324219,347894
24/01/25,8206.417463,8280.099865,8153.361714,8193.835938,232317
27/01/25,8170.965118,8210.854552,8085.432654,8177.353027,324406
28/01/25,8218.169472,8279.173202,8154.678009,8190.812988,651069
29/01/25,8212.024813,8589.312443,8212.024813,8412.639648,802600
30/01/25,8445.897984,8606.185284,8389.867813,8531.576172,322587
31/01/25,8582.486178,8738.434234,8527.918931,8629.104492,315913
01/02/25,8668.21354,8951.142607,8588.629918,8929.295898,418755
03/02/25,8923.835278,8923.835278,8666.896901,8705.908203,667412
04/02/25,8728.778336,8835.718442,8658.167502,8691.132813,440468
05/02/25,8709.272765,8746.3335,8675.137877,8707.126953,329075
06/02/25,8701.469951,8740.140281,8593.2136,8627.689453,580590
07/02/25,8670.797829,8802.900037,8632.27417,8767.205078,244178
10/02/25,8767.204995,8845.617137,8627.202428,8661.044922,192650
11/02/25,8611.744011,8658.021354,8516.702546,8545.424805,282926
12/02/25,8516.166651,8601.406722,8433.26764,8496.270508,411042
13/02/25,8499.635871,8560.103388,8437.608283,8476.521484,206920
14/02/25,8484.95739,8507.096492,8211.781154,8296.240234,369356
17/02/25,8284.048995,8340.663949,8175.451676,8326.132813,224417
18/02/25,8299.750748,8338.664898,8183.058775,8237.820313,206278
19/02/25,8231.433117,8316.917011,8197.298228,8269.908203,200819
20/02/25,8250.840975,8426.44039,8250.792401,8416.882813,188845
21/02/25,8338.665615,8401.083697,8241.137363,8295.801758,222132
24/02/25,8241.625148,8278.637312,8135.416498,8238.163086,275998
25/02/25,8241.137242,8258.789475,8158.286802,8209.831055,237383
27/02/25,8153.458546,8205.978078,7981.12642,8028.866211,350992
28/02/25,8031.207655,8031.207655,7691.370274,7707.560059,580155
03/03/25,7738.818202,7800.601969,7489.779716,7524.109375,497052
04/03/25,7462.959413,7490.1697,7136.190722,7152.039063,1078953
05/03/25,7150.966663,7259.32017,7120.537658,7236.888672,749464
06/03/25,7296.088304,7314.618672,7194.610352,7277.801758,917093
07/03/25,7277.801717,7435.553658,7266.927412,7387.520996,942308
10/03/25,7385.81454,7385.81454,7170.277103,7200.900879,495241
11/03/25,7173.690562,7330.174833,7146.870293,7314.570313,412703
12/03/25,7314.570002,7381.913067,7246.202605,7329.296387,529286
13/03/25,7358.750151,7358.750151,7231.719608,7319.202637,454776
17/03/25,7314.618565,7422.874919,7249.274639,7301.013184,286383
18/03/25,7301.013184,7301.013184,7301.013184,7301.013184,0
19/03/25,7484.317988,7575.6531,7430.921271,7530.985352,409356
20/03/25,7543.761471,7755.397771,7531.131372,7724.237305,606109
21/03/25,7772.026334,7949.527751,7741.792576,7868.433105,703280
24/03/25,7917.148104,8010.921897,7870.52979,7924.706543,453508
25/03/25,7958.305324,7966.05901,7755.446561,7808.111816,824076
26/03/25,7816.255543,7848.53749,7714.484717,7779.92627,391366
27/03/25,7705.70681,7840.393414,7658.161789,7777.194824,651971
28/03/25,7773.391413,7826.544308,7617.68766,7684.104492,392400
01/04/25,7442.380614,7849.073408,7442.380614,7795.481445,283618
02/04/25,7765.198959,7883.988172,7748.619157,7873.406738,237191
03/04/25,7743.791608,7743.791608,7646.214784,7716.630371,470005
04/04/25,7685.226017,7694.832644,7463.10543,7495.143555,461228
07/04/25,7119.562117,7175.689434,6914.118958,7126.193848,469629
08/04/25,7201.973659,7343.731066,7164.181462,7312.716797,259199
09/04/25,7339.439744,7442.673014,7276.094957,7385.131348,261256
11/04/25,7528.692957,7587.648973,7447.598316,7576.823242,290737
15/04/25,7802.259865,7841.271164,7634.998919,7797.871094,387999
16/04/25,7801.284519,7801.77216,7670.109026,7764.711426,294161
17/04/25,7796.408162,7855.900393,7670.10908,7819.814941,274331
21/04/25,7812.01298,8070.462847,7753.496029,8043.642578,285132
22/04/25,7983.662615,7984.150256,7875.406257,7939.774902,394636
23/04/25,7910.51637,8089.480709,7851.99942,8057.296387,598686
24/04/25,8055.833322,8122.152531,7967.082616,7998.779297,322100
25/04/25,8021.698387,8055.345633,7768.124943,7835.419434,508224
28/04/25,7835.419691,7933.435584,7773.976893,7895.887207,282481
29/04/25,7935.38621,7967.570533,7821.765797,7878.819824,228383
30/04/25,7860.77703,7877.844474,7780.316223,7831.518555,447067
02/05/25,7802.259986,7886.134281,7610.129334,7627.196777,379515
05/05/25,7674.98569,7767.637528,7655.967681,7724.725098,250175
06/05/25,7733.990055,7845.172258,7714.484406,7749.106934,270568
07/05/25,7719.848472,7780.803627,7618.419094,7654.992188,459640
08/05/25,7656.455422,7674.98579,7480.416927,7533.569824,461725
09/05/25,7431.652753,7552.100143,7423.850493,7492.60791,248982
12/05/25,7607.203532,7849.561234,7585.747317,7840.783691,296774
13/05/25,7840.783498,7908.565631,7753.495716,7863.702637,407395
14/05/25,7890.035531,8005.118868,7833.469145,7902.226563,225717
15/05/25,7933.92319,8159.213449,7877.356804,8120.202148,497959
16/05/25,8143.60905,8285.025016,8075.339274,8272.833984,483122
19/05/25,8289.901421,8642.466052,8282.099161,8632.225586,858221
20/05/25,8631.250445,8631.250445,8315.746544,8353.294922,449936
21/05/25,8395.231644,8548.350994,8324.523664,8472.766602,572628
22/05/25,8445.946618,8558.591749,8302.092446,8517.629883,916615
23/05/25,8548.351116,8619.546738,8498.611708,8524.944336,321989
26/05/25,8567.369203,8756.57401,8553.227606,8737.068359,440577
27/05/25,8723.901946,8781.931255,8680.501875,8741.457031,401273
28/05/25,8767.78924,8784.369041,8558.103513,8630.274414,312080
29/05/25,8686.841212,8719.025535,8584.43655,8655.144531,330341
30/05/25,8569.807693,8645.879732,8372.80062,8394.256836,1434828
02/06/25,8408.397891,8408.397891,8207.002059,8303.067383,457251
03/06/25,8302.579627,8387.429201,8280.14813,8351.34375,566074
04/06/25,8339.153358,8426.928787,8316.234219,8351.832031,431009
05/06/25,8401.08295,8401.08295,8299.165935,8345.979492,381642
06/06/25,8395.231457,8470.328207,8329.887532,8423.514648,435024
09/06/25,8465.452033,8489.834095,8386.941792,8427.416016,443544
10/06/25,8431.317477,8449.847846,8362.072418,8412.787109,350288
11/06/25,8422.052191,8553.22769,8397.182487,8503.488281,462124
12/06/25,8516.65437,8539.573508,8328.91249,8355.245117,368162
13/06/25,8250.890222,8275.759927,8143.609144,8254.303711,250910
16/06/25,8276.734729,8382.552877,8242.112201,8318.671875,203598
17/06/25,8280.148338,8342.566418,8246.013451,8284.537109,286217
18/06/25,8294.777836,8443.50842,8231.872114,8258.692383,561114
19/06/25,8270.39548,8343.541667,8242.599929,8286,332303
20/06/25,8315,8403,8250,8371,567646